algorithm,FOV,noise,epsilon,scene,userIdx,psnr_mean,psnr_lb,psnr_ub,ssim_mean,ssim_lb,ssim_ub,vmaf_mean,vmaf_lb,vmaf_ub
Disturber,115,1,200.0,City,0,26.245306607999968,26.209013256572778,26.281599959427158,0.854723802,0.8532442568690931,0.8562033471309068,65.27744058,64.70856986437734,65.84631129562267
Disturber,115,1,200.0,City,1,26.60043071400001,26.488825583186607,26.71203584481341,0.8640424679999998,0.8602322564253118,0.8678526795746879,58.51039452399998,57.51129669526931,59.509492352730646
Disturber,115,1,200.0,City,2,26.07934671399998,25.98383783011334,26.174855597886616,0.8430283119999991,0.8393572364534508,0.8466993875465473,61.13576781000004,60.25798738665246,62.01354823334762
Disturber,115,1,200.0,City,3,25.849524509999956,25.741975289304204,25.957073730695708,0.832081536,0.827725058429114,0.836438013570886,52.63840530799996,51.371737586720016,53.905073029279905
Disturber,115,1,200.0,City,4,26.87611091999999,26.824506597085506,26.927715242914477,0.8765078239999997,0.8744390861349444,0.8785765618650551,65.38757012199997,64.5741831622681,66.20095708173184
Disturber,115,1,200.0,City,5,26.276945536000007,26.245986128001995,26.307904943998018,0.8566991019999993,0.8552745200633771,0.8581236839366215,60.38199643999999,59.749076753258784,61.01491612674119
Disturber,115,1,200.0,Gallery,0,17.916225332,17.784129137979257,18.048321526020743,0.38349084400000005,0.3713242935642602,0.3956573944357399,11.288240562000015,10.695252902437229,11.8812282215628
Disturber,115,1,200.0,Gallery,1,18.84870683599999,18.71732536429104,18.980088307708943,0.4214837959999996,0.41045229539776745,0.4325152966022317,11.74410754599999,11.165807544327471,12.322407547672508
Disturber,115,1,200.0,Gallery,2,20.218421088000003,20.10066742416584,20.336174751834164,0.6100651700000006,0.5981264910753926,0.6220038489246086,13.621441697999995,12.769663513746528,14.473219882253462
Disturber,115,1,200.0,Gallery,3,19.155301816,19.003451270904286,19.307152361095717,0.46510892600000014,0.45478211866571194,0.47543573333428835,13.948453551999982,13.109471247376591,14.787435856623373
Disturber,115,1,200.0,Gallery,4,20.157549173999985,20.00292009047505,20.31217825752492,0.5739373600000001,0.5609095148382087,0.5869652051617914,14.486752326000001,13.507756277786799,15.465748374213204
Disturber,115,1,200.0,Gallery,5,19.87732731599999,19.686437959464563,20.06821667253542,0.49912058000000065,0.48552402409052275,0.5127171359094785,15.07708796999999,14.386775194134172,15.767400745865809
Disturber,115,1,200.0,Nature,0,20.099678207999986,19.964506999637464,20.234849416362508,0.4662091239999997,0.45650187225940775,0.47591637574059165,11.186362858000011,10.626881111486693,11.74584460451333
Disturber,115,1,200.0,Nature,1,19.78014432000001,19.700091680854996,19.86019695914502,0.4587732960000002,0.4509625839449945,0.46658400805500594,12.042028031999997,11.563447646169486,12.520608417830509
Disturber,115,1,200.0,Nature,2,20.374874247999987,20.266019837579478,20.483728658420496,0.4589628440000003,0.45103798448033183,0.4668877035196688,12.266313312000007,11.79333687057206,12.739289753427952
Disturber,115,1,200.0,Nature,3,17.89961518,17.730963131405822,18.06826722859418,0.34366935599999987,0.336485262783914,0.35085344921608574,9.495007088000007,9.126875734378169,9.863138441621844
Disturber,115,1,200.0,Nature,4,19.562289961999994,19.490400339770172,19.634179584229816,0.40208729400000015,0.397880110907977,0.4062944770920233,9.927694397999995,9.615987592472056,10.239401203527933
Disturber,115,1,200.0,Nature,5,20.532538553999988,20.43415470843314,20.630922399566835,0.4488070400000003,0.4411975227170733,0.45641655728292735,11.189711800000003,10.778238823647305,11.601184776352701
Disturber,115,1,200.0,Office,0,18.341388925999997,18.250364019541337,18.432413832458657,0.3396436760000002,0.3327036444379513,0.34658370756204915,9.687845982000004,9.33805476610559,10.03763719789442
Disturber,115,1,200.0,Office,1,18.881877600000003,18.744359309071186,19.01939589092882,0.3561941959999995,0.3479561763819155,0.36443221561808353,10.164482590000002,9.82414141830599,10.504823761694015
Disturber,115,1,200.0,Office,2,22.095085383999994,21.940829911396655,22.249340856603332,0.6054643880000001,0.5961628656921917,0.6147659103078086,10.140843563999999,9.267557443242733,11.014129684757265
Disturber,115,1,200.0,Office,3,19.826145361999973,19.717819117872995,19.93447160612695,0.42955695,0.4214591577148811,0.43765474228511886,10.108342991999997,9.695324363284525,10.521361620715469
Disturber,115,1,200.0,Office,4,21.59194671200002,21.429086537026546,21.754806886973494,0.5483164380000001,0.5377275686825694,0.5589053073174307,14.005863701999996,13.317195285040968,14.694532118959023
Disturber,115,1,200.0,Office,5,21.061994964,20.980653976297354,21.143335951702646,0.4764949860000001,0.46982153040722646,0.4831684415927738,9.731779034000006,9.280145026581234,10.183413041418778
Disturber,115,2,100.0,City,0,25.97584528199999,25.93813941712789,26.013551146872093,0.8441493239999991,0.8425512327056809,0.8457474152943173,59.747566572000025,58.9898727470035,60.50526039699655
Disturber,115,2,100.0,City,1,26.42112374800001,26.310671191455455,26.531576304544565,0.8578995920000001,0.854071853577841,0.8617273304221592,55.42332427999993,54.453438886744536,56.39320967325533
Disturber,115,2,100.0,City,2,25.763415275999993,25.676468347042224,25.85036220495776,0.8293321760000002,0.8255672611273469,0.8330970908726535,55.111139106000024,54.192311754497744,56.029966457502304
Disturber,115,2,100.0,City,3,25.61783244800002,25.523493354505288,25.71217154149475,0.8231437620000002,0.8190876981014461,0.8271998258985542,48.55537778799997,47.44466098536215,49.6660945906378
Disturber,115,2,100.0,City,4,26.549702128000003,26.491018105354208,26.6083861506458,0.8641271739999997,0.8619625451785582,0.8662918028214412,59.56977870599997,58.6795436039114,60.46001380808855
Disturber,115,2,100.0,City,5,25.865858812,25.823890603461734,25.907827020538264,0.8418241099999998,0.8401749422382981,0.8434732777617014,52.83657921199998,52.07784028455226,53.595318139447706
Disturber,115,2,100.0,Gallery,0,17.649107127999997,17.544356798515555,17.75385745748444,0.353411136,0.34443972953295815,0.3623825424670419,10.029402704000006,9.53102624810587,10.527779159894141
Disturber,115,2,100.0,Gallery,1,18.557695796000036,18.442105191747455,18.673286400252618,0.394584962,0.38556472370781003,0.40360520029218994,10.751685086,10.264172874342764,11.239197297657237
Disturber,115,2,100.0,Gallery,2,19.044377379999993,18.933082511408145,19.15567224859184,0.47848209800000036,0.46646031160013113,0.4905038843998696,9.465174604000001,8.869719010125417,10.060630197874586
Disturber,115,2,100.0,Gallery,3,18.891193324000007,18.76322637122742,19.019160276772592,0.439387442,0.4303372295533267,0.44843765444667333,12.71489348,12.115104986944049,13.314681973055952
Disturber,115,2,100.0,Gallery,4,19.286364292,19.15034168485477,19.422386899145227,0.4921389900000003,0.4803143997272701,0.5039635802727305,11.265810076000001,10.628201433230785,11.903418718769217
Disturber,115,2,100.0,Gallery,5,19.50578466800001,19.330897246059628,19.680672089940394,0.4648299000000002,0.452340879838646,0.47731892016135435,13.00006350399999,12.36283055375943,13.637296454240548
Disturber,115,2,100.0,Nature,0,19.77443842400001,19.66036060008032,19.8885162479197,0.43084471000000013,0.42368533349810045,0.4380040865018998,10.443681234000016,10.027198230920831,10.8601642370792
Disturber,115,2,100.0,Nature,1,19.498897374000002,19.42199182783486,19.575802920165145,0.4286359699999998,0.42266301231683606,0.43460892768316356,11.064455274,10.648096151400983,11.480814396599017
Disturber,115,2,100.0,Nature,2,20.052684304,19.95724786886901,20.148120739130988,0.4305301459999996,0.4247767822685723,0.43628350973142693,10.974725840000001,10.59184165458561,11.357610025414393
Disturber,115,2,100.0,Nature,3,17.705199544,17.54529767329911,17.865101414700888,0.3300433859999999,0.32498874705560965,0.3350980249443901,8.880224469999996,8.594966745618361,9.165482194381632
Disturber,115,2,100.0,Nature,4,19.48248507400001,19.40722687319571,19.55774327480431,0.3966842799999998,0.39343711068962883,0.3999314493103707,9.756911522000006,9.437667646938474,10.07615539706154
Disturber,115,2,100.0,Nature,5,20.271003514000004,20.183591410431372,20.358415617568635,0.4231166879999998,0.41739869341725544,0.42883468258274415,10.565158919999995,10.178639645561422,10.951678194438568
Disturber,115,2,100.0,Office,0,18.232025346000004,18.143434862325726,18.32061582967428,0.32650149600000017,0.3197846095500359,0.33321838244996443,9.370630656000008,9.0774548475167,9.663806464483317
Disturber,115,2,100.0,Office,1,18.765023395999997,18.639165015152503,18.89088177684749,0.33951723600000033,0.33241602951746396,0.3466184424825367,9.701340767999998,9.378282184485967,10.02439935151403
Disturber,115,2,100.0,Office,2,21.514712028,21.387542436944813,21.64188161905519,0.5644061160000006,0.5549851852753201,0.573827046724681,8.50912106,7.92290464707155,9.095337472928449
Disturber,115,2,100.0,Office,3,19.637364409999975,19.533380705929375,19.741348114070576,0.40871736000000025,0.4007734652123595,0.416661254787641,9.33522664799999,8.943103136383872,9.727350159616108
Disturber,115,2,100.0,Office,4,21.093596267999978,20.94637094254295,21.240821593457007,0.4981097220000001,0.4880206598219662,0.508198784178034,12.431947876000002,11.779327228854426,13.08456852314558
Disturber,115,2,100.0,Office,5,20.939099874000014,20.848156754518847,21.03004299348118,0.4660954599999996,0.4586384268144314,0.47355249318556775,9.142541643999998,8.700975931947278,9.584107356052717
Disturber,115,4,50.0,City,0,25.467105734000032,25.41657707981529,25.517634388184774,0.8218632099999995,0.8193906657840789,0.8243357542159201,48.977611857999996,47.97105009100942,49.984173624990575
Disturber,115,4,50.0,City,1,26.026059483999994,25.912749666517996,26.13936930148199,0.8429555019999996,0.8387701230758567,0.8471408809241424,48.69470261200003,47.65524478527431,49.734160438725745
Disturber,115,4,50.0,City,2,25.234814391999986,25.149893964698283,25.31973481930169,0.8049671740000006,0.800730455640658,0.8092038923593432,45.20029264400003,44.21249571230854,46.18808957569152
Disturber,115,4,50.0,City,3,25.261164216000005,25.175797453130155,25.346530978869854,0.807528984000001,0.8034213749625589,0.811636593037443,42.50300496200002,41.43765556427621,43.56835435972383
Disturber,115,4,50.0,City,4,25.929027644000023,25.858111634400363,25.999943653599683,0.8406326539999999,0.8380521408562014,0.8432131671437983,49.02189950400002,48.05050368226088,49.993295325739155
Disturber,115,4,50.0,City,5,25.40158742399999,25.34179778427917,25.461377063720814,0.8253456359999993,0.8229903691006124,0.8277009028993862,45.566257686000036,44.592422895969996,46.540092476030075
Disturber,115,4,50.0,Gallery,0,17.315038351999995,17.22774387703823,17.40233282696176,0.3225544899999998,0.31652736103609774,0.32858161896390187,9.321149756,8.86722874965233,9.77507076234767
Disturber,115,4,50.0,Gallery,1,18.01587629600001,17.926706134596557,18.10504645740346,0.3541444460000003,0.3481730286324109,0.36011586336758966,9.641752145999996,9.245505359642785,10.037998932357208
Disturber,115,4,50.0,Gallery,2,17.959372152000004,17.850551457801522,18.068192846198485,0.3683370760000005,0.35799031982464513,0.37868383217535584,7.867971155999995,7.362890305271476,8.373052006728514
Disturber,115,4,50.0,Gallery,3,18.080529562000002,17.963503546565182,18.197555577434823,0.37545270199999975,0.36781245043838,0.3830929535616195,10.548338653999997,9.974850543505939,11.121826764494054
Disturber,115,4,50.0,Gallery,4,18.185595684,18.067866263409325,18.303325104590673,0.387584008,0.37740889528925975,0.3977591207107402,8.272067119999997,7.794221674758401,8.749912565241594
Disturber,115,4,50.0,Gallery,5,18.386525562000013,18.262441461325036,18.51060966267499,0.3848338580000002,0.37715852701691516,0.39250918898308523,10.172549831999993,9.740466909372804,10.60463275462718
Disturber,115,4,50.0,Nature,0,19.17621043,19.074469400541684,19.27795145945832,0.3893720459999998,0.3849466904947696,0.39379740150523,9.265711571999995,8.944710865070563,9.586712278929427
Disturber,115,4,50.0,Nature,1,18.985267232,18.9010269721487,19.069507491851304,0.39061764800000026,0.38547192324662444,0.3957633727533761,10.132648086,9.741267269614415,10.524028902385584
Disturber,115,4,50.0,Nature,2,19.502950330000004,19.40720736326462,19.598693296735387,0.39643170399999994,0.3919326829482029,0.400930725051797,10.009179084000007,9.668322731108633,10.35003543689138
Disturber,115,4,50.0,Nature,3,17.477894100000004,17.33561137093278,17.620176829067226,0.3159145199999999,0.3124641841567572,0.31936485584324265,8.522384125999997,8.255444918320675,8.789323333679318
Disturber,115,4,50.0,Nature,4,19.114763389999986,19.02994092338972,19.199585856610252,0.3782712959999999,0.37521012863732905,0.3813324633626708,8.898231986000003,8.60152083686055,9.194943135139455
Disturber,115,4,50.0,Nature,5,19.665018236000012,19.5838857528361,19.746150719163925,0.38729435000000006,0.3834603743428443,0.39112832565715583,9.473880293999992,9.189176812920797,9.758583775079186
Disturber,115,4,50.0,Office,0,18.064297711999988,17.979359505872235,18.14923591812774,0.30665672599999994,0.30083237300195775,0.3124810789980421,8.634603531999998,8.420524769484238,8.848682294515758
Disturber,115,4,50.0,Office,1,18.71697425000001,18.590433575137933,18.843514924862088,0.3326468800000002,0.32481253233633695,0.34048122766366345,9.341750110000005,8.982977856328224,9.700522363671785
Disturber,115,4,50.0,Office,2,20.278106370000017,20.177349460017624,20.37886327998241,0.4640191140000002,0.4561000938376258,0.47193813416237457,5.942401453999995,5.587946124812569,6.296856783187422
Disturber,115,4,50.0,Office,3,19.207192643999996,19.10904030518572,19.305344982814272,0.37412038799999975,0.3671794085630305,0.381061367436969,8.478162183999993,8.14103485126892,8.815289516731067
Disturber,115,4,50.0,Office,4,20.293552119999998,20.17171090847498,20.415393331525014,0.4249720940000001,0.4161005580591022,0.433843629940898,10.229811504000004,9.712929524262421,10.746693483737587
Disturber,115,4,50.0,Office,5,20.438650939999985,20.33822222781286,20.53907965218711,0.428701354,0.42132237050584087,0.4360803374941591,7.841968433999999,7.4585094357163575,8.22542743228364
Disturber,115,6,33.333333333333336,City,0,25.14811855200002,25.09483497088976,25.20140213311028,0.8072656879999994,0.8043555320231719,0.810175843976827,42.84605222799997,41.78210693074983,43.909997525250105
Disturber,115,6,33.333333333333336,City,1,25.731601435999995,25.619127631027645,25.844075240972344,0.8315064140000005,0.8271345933247614,0.8358782346752396,43.648080932,42.558237173074815,44.73792469092518
Disturber,115,6,33.333333333333336,City,2,24.879411130000012,24.796663378001092,24.96215888199893,0.7870286159999998,0.7827225377142919,0.7913346942857078,39.343289522,38.34229441922931,40.34428462477069
Disturber,115,6,33.333333333333336,City,3,24.953799236,24.871142736521623,25.036455735478373,0.792558252,0.7881183597943804,0.7969981442056195,36.88601598799999,35.89467107365407,37.87736090234591
Disturber,115,6,33.333333333333336,City,4,25.40309881000002,25.32495099884299,25.48124662115705,0.8193070200000007,0.8161241134316946,0.8224899265683068,41.627442143999986,40.60755940466661,42.64732488333336
Disturber,115,6,33.333333333333336,City,5,24.923827023999994,24.8617297682239,24.98592427977609,0.8069395440000012,0.804380499784752,0.8094985882152504,37.59355530800001,36.6323451313338,38.55476548466623
Disturber,115,6,33.333333333333336,Gallery,0,16.953408495999998,16.866346541669348,17.04047045033065,0.3023058579999999,0.2971687929406486,0.3074429230593513,8.901603025999993,8.514102307929031,9.289103744070955
Disturber,115,6,33.333333333333336,Gallery,1,17.729601584000008,17.622015346697907,17.83718782130211,0.3360867199999997,0.3297044389544424,0.34246900104555694,9.16041937800001,8.726293978186112,9.594544777813907
Disturber,115,6,33.333333333333336,Gallery,2,17.245488521999984,17.15031816324423,17.34065888075574,0.311828896,0.303800538571572,0.319857253428428,7.103824181999999,6.771552936768089,7.43609542723191
Disturber,115,6,33.333333333333336,Gallery,3,17.60060149999999,17.483676473276486,17.717526526723493,0.34487589199999985,0.3381531949611118,0.3515985890388879,9.802699766000014,9.30471590223753,10.300683629762498
Disturber,115,6,33.333333333333336,Gallery,4,17.504408859999984,17.39113632936393,17.617681390636037,0.33867464200000014,0.3306555820980413,0.346693701901959,7.4203466700000025,7.028605044012391,7.812088295987614
Disturber,115,6,33.333333333333336,Gallery,5,18.027910964000007,17.905894894368334,18.14992703363168,0.3615811940000002,0.3539791171034504,0.36918327089655,9.668428726000007,9.252123634249042,10.084733817750973
Disturber,115,6,33.333333333333336,Nature,0,18.664992047999984,18.555582129405877,18.77440196659409,0.36970468399999984,0.3655737026048876,0.3738356653951121,8.725085637999998,8.425941928540905,9.024229347459091
Disturber,115,6,33.333333333333336,Nature,1,18.514680788000017,18.427201713999615,18.60215986200042,0.3684933639999999,0.36441806055301895,0.3725686674469808,9.465756525999996,9.115876591708851,9.815636460291142
Disturber,115,6,33.333333333333336,Nature,2,19.10753720199999,19.004792184239868,19.21028221976011,0.37907797400000065,0.37434100214489463,0.38381494585510667,9.443955002000012,9.09196770196422,9.795942302035803
Disturber,115,6,33.333333333333336,Nature,3,17.386630228000005,17.249779735519123,17.523480720480887,0.3125860800000001,0.30928976368455185,0.31588239631544834,8.343571105999995,8.08571175883788,8.601430453162111
Disturber,115,6,33.333333333333336,Nature,4,18.67354924400002,18.579939929517035,18.767158558483008,0.36261351200000014,0.35926037623926976,0.3659666477607305,8.518991470000005,8.220272249215796,8.817710690784214
Disturber,115,6,33.333333333333336,Nature,5,19.282876923999993,19.19550825536987,19.370245592630116,0.37214770400000025,0.36832777994637006,0.37596762805363043,9.002777402000005,8.742829523000445,9.262725280999565
Disturber,115,6,33.333333333333336,Office,0,17.74272349199999,17.659601862439363,17.825845121560615,0.282157942,0.27676608495405075,0.28754979904594924,8.437256972000002,8.22695967942596,8.647554264574044
Disturber,115,6,33.333333333333336,Office,1,18.43757619,18.330652515471932,18.54449986452807,0.3134386060000001,0.30743609758003965,0.3194411144199606,8.692659108000012,8.37054675148992,9.014771464510103
Disturber,115,6,33.333333333333336,Office,2,19.823231901999964,19.713977800682912,19.932486003317017,0.42572362200000047,0.4179384736758399,0.433508770324161,5.260656146000002,4.9493348341116175,5.571977457888387
Disturber,115,6,33.333333333333336,Office,3,18.918277773999986,18.824379105566862,19.01217644243311,0.34602096800000015,0.33971813591153727,0.35232380008846303,8.106529588,7.766989265208242,8.44606991079176
Disturber,115,6,33.333333333333336,Office,4,19.82316648,19.704527151660958,19.941805808339044,0.38848781000000004,0.3799969314812454,0.3969786885187547,9.504506636,9.090425079340607,9.918588192659394
Disturber,115,6,33.333333333333336,Office,5,20.07534618000002,19.971960571715293,20.17873178828475,0.40457072200000044,0.39775001476433347,0.4113914292356674,7.50027088000001,7.083652337843705,7.9168894221563155
Disturber,115,10,20.0,City,0,24.492633957999992,24.424895124117082,24.5603727918829,0.7692525460000004,0.7650719624266761,0.7734331295733247,31.634596364,30.50009223382676,32.769100494173244
Disturber,115,10,20.0,City,1,25.094609462000015,24.980029061100844,25.209189862899187,0.8039935479999993,0.7989453317470421,0.8090417642529566,34.81143351799999,33.68484548739603,35.93802154860394
Disturber,115,10,20.0,City,2,24.421169704,24.328745452982414,24.513593955017587,0.7586197480000005,0.7530782809450499,0.7641612150549512,31.424236008000015,30.292145354428172,32.55632666157186
Disturber,115,10,20.0,City,3,24.55793650199999,24.473783847941856,24.642089156058123,0.7716480499999999,0.7669057748550588,0.776390325144941,30.337504594000027,29.287907762303146,31.38710142569691
Disturber,115,10,20.0,City,4,24.912165417999997,24.828509246273697,24.995821589726297,0.795742414,0.791993712624826,0.799491115375174,33.689918416,32.58533397431478,34.79450285768522
Disturber,115,10,20.0,City,5,24.34178995000001,24.271329370871292,24.412250529128727,0.7833022720000004,0.7802371725417726,0.7863673714582281,28.984450104000008,27.977583094544933,29.991317113455082
Disturber,115,10,20.0,Gallery,0,16.457112391999996,16.36747639016775,16.546748393832242,0.27862752200000007,0.2746042389213812,0.28265080507861895,8.730886871999997,8.35442950117836,9.107344242821634
Disturber,115,10,20.0,Gallery,1,17.083882639999988,16.984391287165483,17.183373992834493,0.30933956999999984,0.3042462909560695,0.3144328490439302,8.483464768000006,8.122029959673863,8.84489957632615
Disturber,115,10,20.0,Gallery,2,16.515157890000005,16.421047520679096,16.609268259320913,0.2660823519999999,0.2601704393175168,0.271994264682483,6.828775655999989,6.460685474775598,7.1968658372243794
Disturber,115,10,20.0,Gallery,3,16.84679224400002,16.739613333843767,16.953971154156275,0.3095814460000001,0.30405923235024035,0.31510365964975984,8.762396891999995,8.337641463332046,9.187152320667943
Disturber,115,10,20.0,Gallery,4,16.715362146000018,16.620044491110097,16.81067980088994,0.2934649840000001,0.28816902970494473,0.29876093829505546,6.844570547999991,6.550512498241655,7.138628597758327
Disturber,115,10,20.0,Gallery,5,17.3447286,17.2246342025262,17.4648229974738,0.3279290859999994,0.32197210466988213,0.3338860673301167,8.686117351999993,8.302662832904298,9.069571871095688
Disturber,115,10,20.0,Nature,0,17.979893962000006,17.857173831640242,18.10261409235977,0.3490581739999998,0.34553721286674155,0.352579135133258,8.047608883999995,7.770016027412941,8.32520174058705
Disturber,115,10,20.0,Nature,1,17.76709084399998,17.66426373021901,17.869917957780952,0.3416484160000005,0.33794738874418856,0.34534944325581246,8.707744130000005,8.369813096860868,9.045675163139142
Disturber,115,10,20.0,Nature,2,18.346847576000012,18.233681394460625,18.4600137575394,0.3531020440000001,0.3494201755995051,0.3567839124004951,8.655587636000003,8.35166206068556,8.959513211314446
Disturber,115,10,20.0,Nature,3,16.911942904000004,16.777306868368473,17.046578939631534,0.2990755259999999,0.29625010195540746,0.3019009500445924,8.03294271,7.789447477597461,8.27643794240254
Disturber,115,10,20.0,Nature,4,18.084108498,17.976280551871184,18.191936444128814,0.34522550000000013,0.3421808024414146,0.3482701975585857,7.907748831999999,7.634592280635457,8.180905383364541
Disturber,115,10,20.0,Nature,5,18.620657749999992,18.51727617783339,18.724039322166593,0.35039343599999995,0.34699802769481203,0.35378884430518787,8.324011422000009,8.06046287334196,8.587559970658058
Disturber,115,10,20.0,Office,0,17.416485314,17.336962136585292,17.496008491414706,0.2534824640000001,0.24861152752115692,0.25835340047884325,8.060133618000002,7.8474878905597825,8.27277934544022
Disturber,115,10,20.0,Office,1,17.979597907999985,17.884542105458763,18.074653710541206,0.2916563280000001,0.2868205915354836,0.29649206446451654,8.113635034,7.798265483566279,8.42900458443372
Disturber,115,10,20.0,Office,2,19.15665084599999,19.067095802696617,19.246205889303365,0.3805741300000004,0.37494254761613494,0.38620571238386586,4.521022509999995,4.28909350381257,4.752951516187421
Disturber,115,10,20.0,Office,3,18.656180034000013,18.55928720629594,18.753072861704084,0.3330637180000002,0.32685510412576874,0.3392723318742316,7.577965114000001,7.2687785309609705,7.887151697039032
Disturber,115,10,20.0,Office,4,19.211370459999998,19.105420068752174,19.31732085124782,0.3470559959999999,0.3404553522765587,0.35365663972344114,8.657566759999998,8.267123015309512,9.048010504690485
Disturber,115,10,20.0,Office,5,19.595668941999996,19.482869064844163,19.70846881915583,0.3751360900000002,0.3687112891700883,0.3815608908299121,6.494878672000003,6.146631580999472,6.843125763000534
Disturber,115,30,6.666666666666667,City,0,23.326180211999993,23.24438930966113,23.407971114338856,0.7021189719999997,0.6971381763383642,0.7070997676616353,14.151366537999992,13.183873019835069,15.118860056164916
Disturber,115,30,6.666666666666667,City,1,23.829964090000004,23.71040456078338,23.949523619216627,0.7468971319999999,0.7408797624056539,0.7529145015943458,17.115469554,16.10538356238422,18.125555545615782
Disturber,115,30,6.666666666666667,City,2,23.215862469999987,23.11872922046263,23.312995719537344,0.6841676080000004,0.6777764649899188,0.690558751010082,15.144482635999989,14.26931840559998,16.019646866399995
Disturber,115,30,6.666666666666667,City,3,23.461730967999994,23.367262655111418,23.55619928088857,0.7101742979999999,0.7044565357597682,0.7158920602402316,15.497916867999994,14.684549008207473,16.311284727792515
Disturber,115,30,6.666666666666667,City,4,23.357504958000032,23.258533166259664,23.4564767497404,0.7184388479999995,0.7137405715629659,0.723137124437033,13.833415172,12.90567561344899,14.761154730551011
Disturber,115,30,6.666666666666667,City,5,23.036852477999997,22.948265417388804,23.12543953861119,0.7286733920000001,0.7246588798946868,0.7326879041053135,13.864743738000003,13.058857519133383,14.670629956866623
Disturber,115,30,6.666666666666667,Gallery,0,15.176161264000001,15.075340256658437,15.276982271341565,0.24442608399999988,0.2413920729036632,0.24746009509633654,8.303071831999995,7.958448254231939,8.647695409768051
Disturber,115,30,6.666666666666667,Gallery,1,15.674328427999997,15.581050805760354,15.76760605023964,0.27033575600000004,0.2670767486007366,0.2735947633992635,7.403959290000001,7.091501132662224,7.716417447337778
Disturber,115,30,6.666666666666667,Gallery,2,15.119160685999997,15.029147131828418,15.209174240171576,0.21860723199999973,0.21581882379315265,0.22139564020684682,6.549331020000002,6.297826160828893,6.800835879171111
Disturber,115,30,6.666666666666667,Gallery,3,15.373510053999999,15.27802366105309,15.468996446946907,0.268491864,0.26440015158692837,0.2725835764130717,7.554913226000002,7.197275992372875,7.912550459627129
Disturber,115,30,6.666666666666667,Gallery,4,15.053769857999999,14.956630180678264,15.150909535321734,0.241785536,0.23886946946526288,0.2447016025347371,6.537260528000003,6.29953996826634,6.774981087733665
Disturber,115,30,6.666666666666667,Gallery,5,15.77063749599999,15.663242370858807,15.878032621141173,0.278155632,0.2742284099756143,0.28208285402438565,7.385051162000002,7.043015983417683,7.7270863405823205
Disturber,115,30,6.666666666666667,Nature,0,15.651512981999998,15.50712190851791,15.795904055482087,0.30244523200000006,0.29900307581429764,0.3058873881857025,6.818942778000001,6.567984317728519,7.069901238271483
Disturber,115,30,6.666666666666667,Nature,1,15.901013292000018,15.77268969535744,16.029336888642597,0.2950075200000002,0.2919608185050048,0.29805422149499555,7.347165977999996,7.036585299389668,7.657746656610324
Disturber,115,30,6.666666666666667,Nature,2,16.17186536800001,16.031733201921593,16.311997534078426,0.30602780799999996,0.303102830404135,0.3089527855958649,7.351331353999998,7.065648703377604,7.637014004622393
Disturber,115,30,6.666666666666667,Nature,3,15.653272297999994,15.527694190615644,15.778850405384343,0.2749430279999998,0.2725930049953869,0.2772930510046127,7.215808039999998,6.988481453976094,7.443134626023902
Disturber,115,30,6.666666666666667,Nature,4,16.220260862000003,16.083756579692153,16.356765144307854,0.3016845240000001,0.2989886583584781,0.30438038964152214,6.693370645999997,6.447326729003207,6.939414562996788
Disturber,115,30,6.666666666666667,Nature,5,16.48389483399999,16.34436454278652,16.623425125213462,0.30704314600000016,0.30448640498884566,0.30959988701115465,7.118275558,6.890336634113377,7.346214481886622
Disturber,115,30,6.666666666666667,Office,0,16.756787183999993,16.68033788607497,16.833236481925017,0.22828146999999985,0.22469068020799093,0.23187225979200876,7.107051471999997,6.908609301088743,7.305493642911251
Disturber,115,30,6.666666666666667,Office,1,17.296787864000006,17.20946348384598,17.384112244154032,0.26810318800000005,0.26474283054344866,0.27146354545655144,7.056456105999994,6.770316834065582,7.342595377934407
Disturber,115,30,6.666666666666667,Office,2,17.607296209999976,17.514227771366638,17.700364648633315,0.32795209999999986,0.324139987588287,0.3317642124117127,3.505885233999999,3.345250865409195,3.666519602590803
Disturber,115,30,6.666666666666667,Office,3,17.584967958000004,17.49658371738296,17.673352198617046,0.289919798,0.28597225244221663,0.2938673435577834,6.409260815999995,6.130277993267156,6.688243638732835
Disturber,115,30,6.666666666666667,Office,4,18.049983392,17.95857432290223,18.141392461097773,0.2965641860000001,0.2926186945407714,0.30050967745922885,7.402318153999996,7.061366065724306,7.7432702422756865
Disturber,115,30,6.666666666666667,Office,5,18.302682425999986,18.19615098034413,18.409213871655844,0.33134344,0.3267643174539126,0.3359225625460874,5.257522890000008,4.957320554444987,5.5577252255550285
Disturber,115,60,3.3333333333333335,City,0,22.48225158,22.393363472227286,22.571139687772714,0.6612157719999997,0.6560483140563943,0.6663832299436051,7.2845158699999955,6.573456541254386,7.9955751987456045
Disturber,115,60,3.3333333333333335,City,1,22.703563174000006,22.583629003943365,22.823497344056648,0.7093273880000001,0.703521512083906,0.7151332639160941,8.410983304000002,7.674456709598355,9.14750989840165
Disturber,115,60,3.3333333333333335,City,2,22.225100252000015,22.128579554255996,22.321620949744034,0.6396558580000007,0.6338483150443089,0.6454634009556924,6.8664142360000024,6.233066031273566,7.499762440726439
Disturber,115,60,3.3333333333333335,City,3,22.409955181999994,22.31428239364529,22.5056279703547,0.6705947200000001,0.6654063408902225,0.6757830991097776,6.725446050000005,6.078431160700376,7.372460939299634
Disturber,115,60,3.3333333333333335,City,4,22.317900532000014,22.21362188542681,22.422179178573217,0.6817063279999994,0.6769087507880048,0.686503905211994,6.408442065999995,5.714559780877282,7.102324351122707
Disturber,115,60,3.3333333333333335,City,5,21.879957405999974,21.779150369058407,21.980764442941542,0.6984808060000001,0.694378089129029,0.7025835228709711,5.619457752,4.999464379406139,6.23945112459386
Disturber,115,60,3.3333333333333335,Gallery,0,14.267464869999996,14.165299218775498,14.369630521224494,0.23841560800000006,0.23507341288363437,0.24175780311636574,7.943795314000003,7.604659541877806,8.282931086122199
Disturber,115,60,3.3333333333333335,Gallery,1,14.82389758399999,14.730284125365241,14.91751104263474,0.26895996200000016,0.265043441167507,0.27287648283249333,6.914332620000003,6.616505947729804,7.2121592922702025
Disturber,115,60,3.3333333333333335,Gallery,2,14.120617720000007,14.025378254772612,14.215857185227403,0.2154832020000001,0.21256775536848974,0.21839864863151046,6.529091768,6.274567777596156,6.783615758403844
Disturber,115,60,3.3333333333333335,Gallery,3,14.459588634000005,14.36185367882593,14.557323589174079,0.2654481980000002,0.2612506558937703,0.2696457401062301,7.117438127999997,6.766845050093853,7.468031205906142
Disturber,115,60,3.3333333333333335,Gallery,4,13.99772165,13.89528419414328,14.100159105856722,0.236463566,0.23349374071792053,0.23943339128207944,6.415700803999995,6.189766251452591,6.641635356547399
Disturber,115,60,3.3333333333333335,Gallery,5,14.922457751999994,14.815434418705848,15.02948108529414,0.2761155079999997,0.27202443217727207,0.2802065838227273,6.892200236000002,6.560055159902671,7.224345312097332
Disturber,115,60,3.3333333333333335,Nature,0,14.943034685999983,14.803108545395636,15.08296082660433,0.2897461339999997,0.28627602030448807,0.29321624769551136,6.3501083400000065,6.102095128616172,6.598121551383841
Disturber,115,60,3.3333333333333335,Nature,1,14.496840648000013,14.364003537399617,14.62967775860041,0.28013760399999993,0.277370036856403,0.28290517114359687,6.932405223999999,6.628807985843111,7.236002462156887
Disturber,115,60,3.3333333333333335,Nature,2,14.770810063999985,14.617778153168626,14.923841974831344,0.2925758679999996,0.28938686775147604,0.2957648682485231,6.873086670000004,6.6060647095960885,7.140108630403919
Disturber,115,60,3.3333333333333335,Nature,3,14.599288321999987,14.479861469524584,14.71871517447539,0.2625502499999998,0.2597296211235602,0.26537087887643945,6.684389015999998,6.45841567032294,6.910362361677056
Disturber,115,60,3.3333333333333335,Nature,4,14.60366136800001,14.448298342695821,14.759024393304198,0.2838368520000001,0.280988300011871,0.2866854039881292,6.3413679059999986,6.102839526261501,6.579896285738496
Disturber,115,60,3.3333333333333335,Nature,5,15.221796060000006,15.082320589202698,15.361271530797314,0.28860533800000004,0.28611508063102004,0.29109559536898005,6.619041119999992,6.399009124148514,6.839073115851471
Disturber,115,60,3.3333333333333335,Office,0,16.262666455999987,16.177755493772757,16.347577418227218,0.23620815600000006,0.2322270025115782,0.2401893094884219,6.506982946000008,6.314264635335294,6.699701256664722
Disturber,115,60,3.3333333333333335,Office,1,16.83908665999999,16.746649290298148,16.93152402970183,0.2727528900000002,0.2693361175541434,0.276169662445857,6.508727251999988,6.233653067535822,6.783801436464155
Disturber,115,60,3.3333333333333335,Office,2,16.742070182000003,16.633990731392064,16.85014963260794,0.3224378199999999,0.31779018017516847,0.3270854598248313,3.0226656139999992,2.864463938335641,3.1808672896643575
Disturber,115,60,3.3333333333333335,Office,3,16.809965659999992,16.71203534103548,16.907895978964504,0.28488021799999996,0.2805793896690672,0.2891810463309327,5.893167960000006,5.6298122658846825,6.156523654115329
Disturber,115,60,3.3333333333333335,Office,4,17.280108975999994,17.18212530433453,17.378092647665458,0.2926147500000004,0.2888079215584609,0.29642157844153993,6.820409845999996,6.494451207331494,7.146368484668498
Disturber,115,60,3.3333333333333335,Office,5,17.32414847999999,17.210877202426907,17.437419757573075,0.3222868539999996,0.3177286145249052,0.32684509347509405,4.925524365999999,4.644098833102824,5.206949898897175
Disturber-comp,115,1,200.0,City,0,19.537357249999996,19.118153511776008,19.956560988223984,0.8596497619999993,0.8517663196192937,0.8675332043807049,58.85468893399998,58.245388854866654,59.46398901313331
Disturber-comp,115,1,200.0,City,1,20.027908080000017,19.761569949929473,20.29424621007056,0.8746849,0.8699892297899838,0.8793805702100161,44.564244696,43.25674459196211,45.871744800037895
Disturber-comp,115,1,200.0,City,2,21.472179592,21.064519476684115,21.879839707315885,0.8984657999999996,0.8916757444716881,0.9052558555283112,55.06692936800001,53.996750644384925,56.1371080916151
Disturber-comp,115,1,200.0,City,3,22.50320721800001,22.229556677849356,22.776857758150665,0.9146910899999996,0.9107171196032583,0.9186650603967409,45.314232975999985,44.08608233974547,46.542383612254504
Disturber-comp,115,1,200.0,City,4,20.88581864799999,20.641731005829055,21.129906290170926,0.9056842579999999,0.9004655337905243,0.9109029822094754,52.93824608599995,51.79369355421844,54.08279861778146
Disturber-comp,115,1,200.0,City,5,18.887181922000007,18.76881080556634,19.005553038433675,0.8521184840000006,0.8494734651131556,0.8547635028868455,33.89178233,33.34213516651902,34.441429493480975
Disturber-comp,115,1,200.0,Gallery,0,29.22922876000001,29.153011147514892,29.305446372485125,0.9767910639999996,0.976175486379259,0.9774066416207402,67.88375276799994,67.08584061959661,68.68166491640326
Disturber-comp,115,1,200.0,Gallery,1,30.47220015000003,30.336558160471647,30.607842139528415,0.980262742000001,0.9793836171284984,0.9811418668715035,71.26217765600002,70.50156221429926,72.02279309770078
Disturber-comp,115,1,200.0,Gallery,2,29.87128539800003,29.797294491093112,29.945276304906947,0.985376726,0.9849891533380651,0.9857642986619349,70.92428397799999,70.30038308981585,71.54818486618413
Disturber-comp,115,1,200.0,Gallery,3,31.092434008000005,30.929565453009747,31.255302562990263,0.9848144240000002,0.9842489732490188,0.9853798747509815,72.14104189400001,71.27573430623725,73.00634948176277
Disturber-comp,115,1,200.0,Gallery,4,30.996486977999993,30.9276705648388,31.065303391161187,0.9889794919999995,0.9886334946830696,0.9893254893169293,73.30891072000004,72.75810910931071,73.85971233068938
Disturber-comp,115,1,200.0,Gallery,5,31.604723040000025,31.44218393599048,31.767262144009567,0.9861147199999989,0.9853230902273843,0.9869063497726135,74.89705866200003,74.17317865941634,75.62093866458373
Disturber-comp,115,1,200.0,Nature,0,26.576644628,26.386195254244324,26.767094001755677,0.891483974,0.8861066665004992,0.8968612814995008,42.053188220000045,40.63303274961258,43.47334369038751
Disturber-comp,115,1,200.0,Nature,1,24.935032026000005,24.79279414186296,25.07726991013705,0.859307362,0.8533693226751388,0.8652454013248613,33.453097101999994,32.04396136822404,34.86223283577595
Disturber-comp,115,1,200.0,Nature,2,25.927596296000015,25.789528294017803,26.065664297982227,0.8846804979999997,0.8805572716665793,0.8888037243334201,38.115775993999975,36.87734787135804,39.35420411664191
Disturber-comp,115,1,200.0,Nature,3,23.515945917999996,23.36791707054055,23.663974765459443,0.787476872,0.7818734128236723,0.7930803311763278,18.370487879999995,17.13835933860925,19.602616421390742
Disturber-comp,115,1,200.0,Nature,4,24.10202546600003,23.975848516643808,24.22820241535625,0.8187325700000001,0.8147406056306629,0.8227245343693373,21.68661255600001,20.770820670289854,22.602404441710167
Disturber-comp,115,1,200.0,Nature,5,25.88259383200001,25.770566474411844,25.994621189588173,0.87486376,0.8707431983976949,0.8789843216023051,35.923697208000014,34.89728305332983,36.9501113626702
Disturber-comp,115,1,200.0,Office,0,32.072777618,31.94847073519087,32.19708450080914,0.9826162759999998,0.982194158948303,0.9830383930516966,69.74524242999998,69.15489621871626,70.33558864128369
Disturber-comp,115,1,200.0,Office,1,31.511072323999993,31.26537354144214,31.756771106557846,0.9781428839999996,0.9771180618812497,0.9791677061187495,71.8371578340001,70.9648033287511,72.70951233924909
Disturber-comp,115,1,200.0,Office,2,34.60361160599998,34.533957277423035,34.673265934576925,0.9917235720000006,0.9915031968946317,0.9919439471053695,74.56415276400004,74.20397036668432,74.92433516131577
Disturber-comp,115,1,200.0,Office,3,33.53835363199998,33.420900577970755,33.65580668602921,0.9861830240000008,0.9855163785548741,0.9868496694451275,75.20878769200003,74.57582760527166,75.8417477787284
Disturber-comp,115,1,200.0,Office,4,34.56069414000002,34.454784147761366,34.66660413223867,0.9920138559999999,0.9917318157406969,0.9922958962593029,81.16580349800007,80.47615646479473,81.85545053120542
Disturber-comp,115,1,200.0,Office,5,33.58827961399999,33.4778733416216,33.69868588637837,0.9874936299999995,0.9871116219867968,0.9878756380132021,74.67408585200002,74.04817731841375,75.29999438558629
Disturber-comp,115,2,100.0,City,0,22.69384254599999,22.223971248705094,23.163713843294882,0.9030278039999997,0.8961772313276364,0.909878376672363,61.44039332000005,60.80383196678729,62.0769546732128
Disturber-comp,115,2,100.0,City,1,20.561013140000014,20.282867435340993,20.839158844659035,0.8828178940000001,0.8782861255461349,0.8873496624538653,44.87119332600003,43.531962898729134,46.21042375327093
Disturber-comp,115,2,100.0,City,2,24.323030064,23.921198129616958,24.724861998383044,0.9299616399999998,0.9245037035204594,0.9354195764795402,56.99812654199998,55.88231347717158,58.11393960682838
Disturber-comp,115,2,100.0,City,3,22.56953691399999,22.29827523108218,22.8407985969178,0.9155178540000003,0.9116787789360159,0.9193569290639847,45.077748511999964,43.840250552095135,46.31524647190479
Disturber-comp,115,2,100.0,City,4,22.037477865999996,21.82632526748797,22.248630464512022,0.9227989219999999,0.9184633723268905,0.9271344716731094,53.68285011999993,52.5100807365365,54.85561950346335
Disturber-comp,115,2,100.0,City,5,18.975852634000006,18.858283453581528,19.093421814418484,0.8533145299999993,0.8508184683851351,0.8558105916148636,33.42811489599998,32.87613259451011,33.980097197489854
Disturber-comp,115,2,100.0,Gallery,0,29.023509993999998,28.934343523593057,29.11267646440694,0.9745777139999992,0.9738717010860424,0.9752837269139559,66.778930284,65.97534459477878,67.58251597322122
Disturber-comp,115,2,100.0,Gallery,1,30.316368057999984,30.17618625393578,30.45654986206419,0.9791015740000002,0.9781849511306824,0.980018196869318,70.43075078399995,69.65934590315695,71.20215566484296
Disturber-comp,115,2,100.0,Gallery,2,29.363472296000005,29.272455878967556,29.454488713032454,0.9806484860000001,0.9799287686010726,0.9813682033989276,68.30262164400003,67.62572091205732,68.97952237594274
Disturber-comp,115,2,100.0,Gallery,3,30.93713902999998,30.775787311453843,31.098490748546116,0.9838728120000004,0.9832361755610458,0.984509448438955,71.64304721600013,70.78441866973972,72.50167576226053
Disturber-comp,115,2,100.0,Gallery,4,30.632523814000017,30.53822466375669,30.726822964243343,0.9866010519999989,0.9860643810525809,0.987137722947417,71.57152243400006,70.98009675078411,72.162948117216
Disturber-comp,115,2,100.0,Gallery,5,31.30536961400004,31.14571574035982,31.46502348764026,0.984693127999999,0.9838551657172497,0.9855310902827482,73.62746417000007,72.89280105623507,74.36212728376506
Disturber-comp,115,2,100.0,Nature,0,26.03482206600002,25.86685134186833,26.202792790131713,0.8775970920000001,0.8727425876318753,0.882451596368125,37.35131076600004,36.097683916042264,38.604937615957816
Disturber-comp,115,2,100.0,Nature,1,24.579931847999994,24.453542222072212,24.706321473927776,0.846680322000001,0.8412378661764622,0.8521227778235397,30.230349672000017,28.96435252734671,31.496346816653325
Disturber-comp,115,2,100.0,Nature,2,25.521862101999996,25.39289885789863,25.650825346101364,0.8694297199999996,0.8651626367323698,0.8736968032676294,34.546050109999996,33.43672609906062,35.65537412093937
Disturber-comp,115,2,100.0,Nature,3,23.336823616,23.201389559572302,23.4722576724277,0.7775983559999998,0.7724410996443967,0.782755612355603,16.836904028,15.748664840170532,17.925143215829465
Disturber-comp,115,2,100.0,Nature,4,24.09910499999999,23.972501377131728,24.225708622868254,0.8175134600000005,0.8133076796394518,0.8217192403605491,21.895110375999995,20.98391096292497,22.80630978907502
Disturber-comp,115,2,100.0,Nature,5,25.54224664000001,25.448145967679345,25.636347312320673,0.86500393,0.8611335612743165,0.8688742987256834,32.567233422000015,31.661084446863814,33.47338239713621
Disturber-comp,115,2,100.0,Office,0,31.963087431999977,31.819062396433605,32.107112467566346,0.9815115319999996,0.980900013951077,0.9821230500489223,69.19110016599996,68.57957268553145,69.80262764646847
Disturber-comp,115,2,100.0,Office,1,31.386962973999996,31.138597204611685,31.635328743388307,0.9774191759999994,0.9763555233569258,0.978482828643073,71.56527713400004,70.69567041319476,72.43488385480532
Disturber-comp,115,2,100.0,Office,2,34.25535601400001,34.172708758080795,34.33800326991922,0.9890804939999998,0.9886119044740024,0.9895490835259971,73.29898570199998,72.92946002658574,73.66851137741422
Disturber-comp,115,2,100.0,Office,3,33.39863705399999,33.26923978416954,33.52803432383044,0.9849206299999993,0.9842228193295788,0.9856184406704198,74.51692644199997,73.85406978858512,75.17978309541482
Disturber-comp,115,2,100.0,Office,4,34.43134102599997,34.31331911791466,34.54936293408528,0.9912078879999996,0.9908131169689516,0.9916026590310476,80.57220930399994,79.85034082036478,81.2940777876351
Disturber-comp,115,2,100.0,Office,5,33.39300159400002,33.25713671885995,33.52886646914009,0.9855346439999993,0.984982267883124,0.9860870201168747,73.98038934599997,73.3315997427694,74.62917894923054
Disturber-comp,115,4,50.0,City,0,26.190808271999988,25.84304246661719,26.538574077382783,0.9428272099999999,0.9384005367540471,0.9472538832459527,63.53982161799997,62.92382606324321,64.15581717275673
Disturber-comp,115,4,50.0,City,1,20.996216614000005,20.703522251502058,21.288910976497952,0.8874837319999992,0.8830141311532497,0.8919533328467487,44.72961673199998,43.36321068490196,46.09602277909801
Disturber-comp,115,4,50.0,City,2,25.52582134400002,25.178044697618127,25.87359799038191,0.9428448820000003,0.938705655552729,0.9469841084472715,57.19768834399996,56.08931316935561,58.3060635186443
Disturber-comp,115,4,50.0,City,3,22.575555342000015,22.305936249311646,22.845174434688385,0.9154631220000004,0.9116944639432104,0.9192317800567903,44.66784926600004,43.41978530532365,45.91591322667643
Disturber-comp,115,4,50.0,City,4,22.689063158000003,22.50036814182856,22.877758174171447,0.9298805759999996,0.925925542531509,0.9338356094684902,53.57134325800001,52.40087606505303,54.74181045094699
Disturber-comp,115,4,50.0,City,5,18.94946543599999,18.828230169208577,19.070700702791402,0.8530036199999999,0.8503611307566789,0.8556461092433209,33.15953698999998,32.61855612032358,33.700517859676374
Disturber-comp,115,4,50.0,Gallery,0,28.590778674000028,28.47691981214031,28.704637535859746,0.9694616879999991,0.9684483674800293,0.9704750085199689,64.77631065399997,63.95660197330573,65.5960193346942
Disturber-comp,115,4,50.0,Gallery,1,29.759479088000013,29.610986527247217,29.90797164875281,0.9749974679999999,0.9739626399423774,0.9760322960576223,67.91021896199999,67.10082804876323,68.71960987523674
Disturber-comp,115,4,50.0,Gallery,2,28.471965714000003,28.359825686644076,28.58410574135593,0.9709151000000001,0.9697344784450903,0.97209572155491,64.26411493799996,63.53228423587944,64.99594564012048
Disturber-comp,115,4,50.0,Gallery,3,30.186666128000006,30.008990009451175,30.364342246548837,0.9782033479999996,0.9772463614411371,0.9791603345588622,67.79799998799999,66.86551470150269,68.73048527449728
Disturber-comp,115,4,50.0,Gallery,4,29.86267877599999,29.745394549777487,29.97996300222249,0.9802909460000004,0.9793764965868798,0.9812053954131211,67.94260046400001,67.24954008951752,68.6356608384825
Disturber-comp,115,4,50.0,Gallery,5,30.312791364000024,30.160742271457988,30.46484045654206,0.9786585559999993,0.977619422505689,0.9796976894943096,69.72429872999996,68.93162021680588,70.51697724319403
Disturber-comp,115,4,50.0,Nature,0,25.10080720599998,24.961905877164586,25.239708534835376,0.8428339600000009,0.8382197637554182,0.8474481562445836,29.10259632999999,28.068492388735915,30.136700271264065
Disturber-comp,115,4,50.0,Nature,1,24.00247614400001,23.89425347465095,24.11069881334907,0.8206730379999999,0.8157938916307553,0.8255521843692445,25.06085292999998,24.002873924105526,26.118831935894438
Disturber-comp,115,4,50.0,Nature,2,24.78703372199998,24.67525626351573,24.898811180484227,0.8329443140000006,0.8282266988711553,0.8376619291288459,27.953309761999993,26.992678720547804,28.91394080345218
Disturber-comp,115,4,50.0,Nature,3,23.069328724,22.960789100528224,23.177868347471772,0.7608472359999998,0.756611200113882,0.7650832718861176,14.675692318000003,13.809662057488273,15.541722578511733
Disturber-comp,115,4,50.0,Nature,4,23.779007809999992,23.654880337293285,23.9031352827067,0.7985065660000011,0.7937779746516047,0.8032351573483976,19.428036846,18.63387102034831,20.222202671651694
Disturber-comp,115,4,50.0,Nature,5,24.690438152000016,24.59227201213095,24.78860429186908,0.8205968359999996,0.8158122635683457,0.8253814084316534,24.047579101999997,23.161550858557845,24.933607345442148
Disturber-comp,115,4,50.0,Office,0,31.771424906000018,31.593817186496025,31.94903262550401,0.9795081920000007,0.9786266044405187,0.9803897795594827,68.576189198,67.92816965852991,69.22420873747008
Disturber-comp,115,4,50.0,Office,1,31.160920631999964,30.906354012290446,31.415487251709482,0.9751712780000003,0.9739983412465102,0.9763442147534903,70.86483107400001,70.01696296743226,71.71269918056775
Disturber-comp,115,4,50.0,Office,2,33.243185209999986,33.11168628356335,33.37468413643662,0.981507020000001,0.9804243328030922,0.9825897071969099,69.73155677600003,69.26189802517099,70.20121552682907
Disturber-comp,115,4,50.0,Office,3,32.93265233800005,32.786130180990135,33.07917449500996,0.9804624720000007,0.9794617510586114,0.98146319294139,72.594841446,71.92824098101187,73.26144191098814
Disturber-comp,115,4,50.0,Office,4,33.857205644000004,33.72524833293034,33.989162955069666,0.9867043880000003,0.9859578733526851,0.9874509026473154,78.57853714600007,77.79992173505003,79.35715255695011
Disturber-comp,115,4,50.0,Office,5,32.97919534200001,32.81945624909255,33.13893443490747,0.982010186,0.9811671082819222,0.9828532637180778,72.56761618600002,71.87416138919652,73.26107098280353
Disturber-comp,115,6,33.333333333333336,City,0,26.958042490000004,26.678040031707052,27.238044948292956,0.9507124539999998,0.9476350396104893,0.9537898683895103,63.73557162200003,63.12572799764618,64.34541524635388
Disturber-comp,115,6,33.333333333333336,City,1,21.07315620799999,20.773959796160337,21.372352619839642,0.8869658939999996,0.8824405185505544,0.8914912694494448,44.28083844799998,42.91806229910273,45.64361459689724
Disturber-comp,115,6,33.333333333333336,City,2,25.852176865999994,25.521315155418996,26.18303857658099,0.9451048459999997,0.9412765291898675,0.9489331628101318,56.636379092000034,55.49556928908683,57.77718889491324
Disturber-comp,115,6,33.333333333333336,City,3,22.601804452000014,22.331087924304576,22.87252097969545,0.9145995379999996,0.9107795619041547,0.9184195140958445,43.99806073800003,42.71287295043233,45.28324852556773
Disturber-comp,115,6,33.333333333333336,City,4,22.772968071999983,22.59164293846401,22.954293205535958,0.9298699460000007,0.9259326825386769,0.9338072094613246,52.530975009999956,51.34667563685911,53.7152743831408
Disturber-comp,115,6,33.333333333333336,City,5,18.959975151999988,18.841769266532783,19.078181037467193,0.8523248259999997,0.8498501820405675,0.8547994699594319,32.247509613999966,31.707736732965166,32.787282495034766
Disturber-comp,115,6,33.333333333333336,Gallery,0,27.99413321999999,27.85486407427371,28.133402365726273,0.9621861859999999,0.9607182115439433,0.9636541604560566,61.78029562799996,60.91452877762108,62.646062478378845
Disturber-comp,115,6,33.333333333333336,Gallery,1,29.29599470400001,29.129796714632434,29.462192693367584,0.9704421160000001,0.9689641261856861,0.9719201058143141,66.17873224599992,65.33482548241113,67.02263900958872
Disturber-comp,115,6,33.333333333333336,Gallery,2,27.650135720000016,27.506233562853573,27.794037877146458,0.9601400720000002,0.9580800826316205,0.9622000613683799,60.807589759999985,59.98115464744811,61.63402487255186
Disturber-comp,115,6,33.333333333333336,Gallery,3,29.561219792000006,29.36329133397191,29.7591482500281,0.9724550940000002,0.9710435372900076,0.9738666507099928,65.30235176599994,64.26930514601932,66.33539838598057
Disturber-comp,115,6,33.333333333333336,Gallery,4,29.048099718,28.89266185860165,29.20353757739835,0.9724201599999996,0.9709103360779564,0.9739299839220429,64.38885453999994,63.62602196882089,65.15168711117899
Disturber-comp,115,6,33.333333333333336,Gallery,5,29.83862797200001,29.675783711728364,30.001472232271652,0.9747466299999995,0.9734238345618349,0.9760694254381641,67.91907473,67.05881220135187,68.77933725864814
Disturber-comp,115,6,33.333333333333336,Nature,0,24.426205635999985,24.29030617970274,24.56210509229723,0.8082588659999991,0.8030021523458882,0.8135155796541099,23.377075407999993,22.388612266753736,24.36553854924625
Disturber-comp,115,6,33.333333333333336,Nature,1,23.453951075999974,23.345723565556007,23.56217858644394,0.7919476120000001,0.7865660306233201,0.7973291933766801,20.903231232,19.85705352391162,21.94940894008838
Disturber-comp,115,6,33.333333333333336,Nature,2,24.269475785999987,24.146052856861473,24.3928987151385,0.8045537039999998,0.7990229608405678,0.8100844471594318,24.130594803999994,23.143423775455084,25.117765832544904
Disturber-comp,115,6,33.333333333333336,Nature,3,22.963384554000005,22.85936583008625,23.06740327791376,0.7548140180000006,0.7503665354512766,0.7592615005487245,13.793427203999997,12.966167518033222,14.620686889966771
Disturber-comp,115,6,33.333333333333336,Nature,4,23.357056185999987,23.22895354646105,23.485158825538925,0.7729222779999992,0.7671697681767019,0.7786747878232966,16.037454649999994,15.185915578500332,16.888993721499656
Disturber-comp,115,6,33.333333333333336,Nature,5,24.200789724000025,24.095587152778368,24.30599229522168,0.7939944119999993,0.7884335216381384,0.7995553023618602,20.600491426,19.723096265926124,21.47788658607388
Disturber-comp,115,6,33.333333333333336,Office,0,31.06879418599999,30.862986098500876,31.274602273499106,0.9729569340000004,0.9714858758294359,0.9744279921705649,65.86788417399998,65.13481773518569,66.60095061281427
Disturber-comp,115,6,33.333333333333336,Office,1,30.636790252000015,30.381243610559086,30.892336893440945,0.9693831920000008,0.9677555523880139,0.9710108316119876,68.77777771799997,67.9004271055588,69.65512833044113
Disturber-comp,115,6,33.333333333333336,Office,2,32.39931590200002,32.2212003601315,32.57743144386854,0.9722780859999985,0.9702140452400131,0.974342126759984,67.0171112,66.41441040566497,67.61981199433504
Disturber-comp,115,6,33.333333333333336,Office,3,32.357571878,32.17347077037595,32.541672985624054,0.974146361999999,0.9724017920409934,0.9758909319590047,70.22383974200004,69.46321507566213,70.98446440833794
Disturber-comp,115,6,33.333333333333336,Office,4,33.36428011200002,33.185323468486466,33.54323675551357,0.9824991819999992,0.9812265181800174,0.983771845819981,76.69785626199999,75.85859569503528,77.5371168289647
Disturber-comp,115,6,33.333333333333336,Office,5,32.537137962,32.35374777376004,32.720528150239964,0.9772343680000005,0.9759983074274657,0.9784704285725353,70.62012064599999,69.88900095143414,71.35124034056584
Disturber-comp,115,10,20.0,City,0,27.13179849200002,26.890553095403288,27.37304388859675,0.9478754819999997,0.9449624567721706,0.9507885072278288,61.585970255999946,60.89886375900789,62.273076752992004
Disturber-comp,115,10,20.0,City,1,21.062437162000002,20.768919128432607,21.355955195567397,0.8837193239999998,0.8793048218104752,0.8881338261895243,42.52887269999998,41.192581006767554,43.865164393232405
Disturber-comp,115,10,20.0,City,2,25.79238518600002,25.479174347524225,26.105596024475812,0.9414669280000008,0.937752728934434,0.9451811270655676,54.68703211600003,53.588880836668096,55.78518339533197
Disturber-comp,115,10,20.0,City,3,22.563437537999995,22.294407111783606,22.832467964216384,0.9107404640000005,0.9067717793993895,0.9147091486006116,42.93839157799995,41.64970129216572,44.22708186383418
Disturber-comp,115,10,20.0,City,4,22.72614068799997,22.546629860436855,22.905651515563083,0.9261405599999994,0.9222126931432486,0.9300684268567503,50.885858320000025,49.72169005062396,52.05002658937609
Disturber-comp,115,10,20.0,City,5,18.95777097399999,18.838876309200643,19.076665638799334,0.8484974799999998,0.8458283028028643,0.8511666571971354,31.422931832,30.864070037567238,31.98179362643276
Disturber-comp,115,10,20.0,Gallery,0,27.074584436000002,26.912968397288797,27.236200474711207,0.9497602320000003,0.94768021926668,0.9518402447333205,58.157027085999935,57.22166327359662,59.09239089840325
Disturber-comp,115,10,20.0,Gallery,1,28.366858726000036,28.162344147909092,28.57137330409098,0.9583639880000006,0.955556032528152,0.9611719434718491,62.10155820599999,61.09027113900943,63.112845272990555
Disturber-comp,115,10,20.0,Gallery,2,26.287279672000036,26.093534952724536,26.481024391275536,0.9358541339999997,0.9312396425755347,0.9404686254244647,56.206536274,55.217220692101534,57.19585185589847
Disturber-comp,115,10,20.0,Gallery,3,28.415361912000012,28.19581925586318,28.634904568136843,0.9596831160000001,0.9573136261203598,0.9620526058796405,60.33079607799996,59.31293471000086,61.348657445999066
Disturber-comp,115,10,20.0,Gallery,4,27.88444440399999,27.695555981655936,28.073332826344043,0.9576042459999994,0.9545411714919277,0.960667320508071,59.829180802,59.00757662675413,60.65078497724588
Disturber-comp,115,10,20.0,Gallery,5,28.594680191999995,28.382242833492196,28.807117550507794,0.9614644019999997,0.9587449552945236,0.9641838487054758,63.341127094000015,62.28738278941906,64.39487139858097
Disturber-comp,115,10,20.0,Nature,0,23.595462325999982,23.4561722811916,23.734752370808366,0.7669696480000001,0.7608048820466053,0.7731344139533949,17.704881867999998,16.777126923951364,18.63263681204863
Disturber-comp,115,10,20.0,Nature,1,22.680903296000018,22.561520664092573,22.800285927907463,0.7495121840000003,0.7433400831594533,0.7556842848405473,16.16853722799999,15.246535212812567,17.090539243187415
Disturber-comp,115,10,20.0,Nature,2,23.364250215999984,23.241965738336866,23.486534693663103,0.7533280739999998,0.7469235934874069,0.7597325545125927,18.419219644000002,17.592350193646904,19.2460890943531
Disturber-comp,115,10,20.0,Nature,3,22.437827029999994,22.3369739768968,22.538680083103188,0.7184116500000004,0.7132106511709337,0.7236126488290671,11.377312764000006,10.643627518974395,12.110998009025618
Disturber-comp,115,10,20.0,Nature,4,22.791001879999968,22.65140437745885,22.930599382541086,0.7368329299999998,0.7298276650255837,0.743838194974416,13.305997570000006,12.556466027251071,14.05552911274894
Disturber-comp,115,10,20.0,Nature,5,23.411984513999958,23.2981789274642,23.525790100535716,0.7464165600000002,0.7397099088534306,0.7531232111465699,15.560488635999992,14.724129547455526,16.396847724544457
Disturber-comp,115,10,20.0,Office,0,30.294054344,30.07975950983183,30.508349178168167,0.9614646099999997,0.958532687328522,0.9643965326714774,61.188258279999985,60.265235176801234,62.11128138319874
Disturber-comp,115,10,20.0,Office,1,29.39378836199999,29.118834373633913,29.66874235036607,0.9505152799999997,0.9472513987918847,0.9537791612081148,62.69242842200009,61.64791981532403,63.73693702867615
Disturber-comp,115,10,20.0,Office,2,30.645649518000003,30.38898875307384,30.902310282926166,0.9485494760000002,0.9443969811324817,0.9527019708675186,60.964641298,60.10947638889962,61.81980620710037
Disturber-comp,115,10,20.0,Office,3,31.15137871600001,30.88756283736813,31.415194594631892,0.9571444300000005,0.95358338403277,0.960705475967231,66.260743716,65.26745876087864,67.25402867112135
Disturber-comp,115,10,20.0,Office,4,32.078330202,31.84420978329254,32.31245062070745,0.9678682460000002,0.9649492273453518,0.9707872646546486,72.12070880199997,71.0772114037072,73.16420620029274
Disturber-comp,115,10,20.0,Office,5,31.662884782000003,31.42686254847472,31.898907015525285,0.9651588059999995,0.9621883047976446,0.9681293072023544,67.26641688999999,66.32371371504058,68.2091200649594
Disturber-comp,115,30,6.666666666666667,City,0,26.376184365999997,26.169899070653173,26.58246966134682,0.9181242280000005,0.9137864646308773,0.9224619913691237,54.18597834399999,53.30529422689044,55.066662461109544
Disturber-comp,115,30,6.666666666666667,City,1,20.812188048000007,20.52820617604144,21.096169919958573,0.8609760659999997,0.855851716257949,0.8661004157420503,38.07653581200002,36.76020548296678,39.39286614103325
Disturber-comp,115,30,6.666666666666667,City,2,24.920107644000023,24.633037924238458,25.207177363761588,0.9078825599999997,0.9027823355447826,0.9129827844552167,47.00118606400001,45.873004529263625,48.129367598736394
Disturber-comp,115,30,6.666666666666667,City,3,22.16310035599998,21.907494259029527,22.418706452970433,0.884698672,0.8797391147436999,0.8896582292563,36.87491267999998,35.55174252988636,38.1980828301136
Disturber-comp,115,30,6.666666666666667,City,4,22.189130805999987,22.01460750766755,22.363654104332426,0.8895086660000003,0.8844313832525461,0.8945859487474546,42.74260890800002,41.54076432542242,43.94445349057762
Disturber-comp,115,30,6.666666666666667,City,5,18.728029328000005,18.60943242964315,18.84662622635686,0.8248382519999998,0.8207857620860957,0.828890741913904,26.83673295799999,26.23351604812915,27.439949867870826
Disturber-comp,115,30,6.666666666666667,Gallery,0,23.812732137999983,23.522006039045852,24.103458236954115,0.8687040160000006,0.858769731903391,0.8786383000966101,43.751789838000015,42.503569498999006,45.00001017700102
Disturber-comp,115,30,6.666666666666667,Gallery,1,23.320025782000002,22.946918319935644,23.69313324406436,0.8306770360000003,0.8177894651699649,0.8435646068300358,42.22484809200001,40.66725712823969,43.78243905576033
Disturber-comp,115,30,6.666666666666667,Gallery,2,22.87870260799999,22.595181434067058,23.162223781932923,0.8516838040000002,0.8410130146554589,0.8623545933445416,42.248428224000044,41.081505734543335,43.41535071345675
Disturber-comp,115,30,6.666666666666667,Gallery,3,24.196910511999995,23.85860929800605,24.53521172599394,0.8681592239999998,0.8577791386353607,0.8785393093646389,43.14227504599998,41.74676268588857,44.53778740611139
Disturber-comp,115,30,6.666666666666667,Gallery,4,23.489494664,23.171950557634624,23.807038770365374,0.8610179459999994,0.8502571194861348,0.8717787725138639,41.38113092199999,40.11426434467403,42.64799749932595
Disturber-comp,115,30,6.666666666666667,Gallery,5,24.518315942000015,24.191964842669524,24.844667041330506,0.8763463059999993,0.8662913951474494,0.8864012168525492,45.98988327999999,44.5159914450709,47.46377511492907
Disturber-comp,115,30,6.666666666666667,Nature,0,20.564077931999996,20.363440716984783,20.76471514701521,0.6059227859999998,0.5973825413832397,0.61446303061676,8.218816612000003,7.71482602964697,8.722807194353036
Disturber-comp,115,30,6.666666666666667,Nature,1,20.185396988000008,19.982274576832324,20.38851939916769,0.6148426600000001,0.6053010742223718,0.6243842457776284,9.516611018000004,8.899189754957074,10.134032281042934
Disturber-comp,115,30,6.666666666666667,Nature,2,20.481191409999994,20.28383428268599,20.678548537313997,0.5978246680000001,0.5891719248054789,0.6064774111945214,9.537310565999993,8.983403242297554,10.091217889702433
Disturber-comp,115,30,6.666666666666667,Nature,3,20.578566932000015,20.403451122957343,20.753682741042688,0.6056779120000001,0.5965150488637071,0.6148407751362931,7.775463570000001,7.26309343261647,8.287833707383532
Disturber-comp,115,30,6.666666666666667,Nature,4,20.651022778,20.457565692447343,20.84447986355266,0.6123447119999997,0.603056734059522,0.6216326899404775,7.563909140000002,7.054159897451758,8.073658382548246
Disturber-comp,115,30,6.666666666666667,Nature,5,20.987007075999998,20.817074733436648,21.156939418563347,0.6002918840000004,0.5919088202299636,0.6086749477700373,8.339093041999995,7.89075019060505,8.787435893394939
Disturber-comp,115,30,6.666666666666667,Office,0,26.334944405999984,26.013241580094633,26.656647231905335,0.8658790939999993,0.854858680592836,0.8768995074071626,41.641011132,40.2034651260796,43.078557137920406
Disturber-comp,115,30,6.666666666666667,Office,1,25.859889117999995,25.514357293677712,26.205420942322277,0.8565460720000002,0.8450747003898053,0.8680174436101952,45.68059074600001,44.16405506366739,47.19712642833262
Disturber-comp,115,30,6.666666666666667,Office,2,24.467002400000002,24.102579407044274,24.83142539295573,0.7793677760000007,0.7653865973217923,0.7933489546782092,35.99193962199998,34.520237040292,37.46364220370796
Disturber-comp,115,30,6.666666666666667,Office,3,25.46214187800002,25.031129946536186,25.89315380946385,0.8057828239999997,0.7905015823677025,0.8210640656322968,42.130619592,40.36897011361823,43.89226907038177
Disturber-comp,115,30,6.666666666666667,Office,4,27.239830464000026,26.858724833146965,27.620936094853086,0.8643813160000009,0.8526694690926228,0.876093162907379,50.92691886799994,49.26780459419411,52.586033141805764
Disturber-comp,115,30,6.666666666666667,Office,5,27.192905138000032,26.833118030686503,27.552692245313562,0.8671261560000001,0.8569454020483773,0.8773069099516229,46.979826833999994,45.43941985461391,48.52023381338608
Disturber-comp,115,60,3.3333333333333335,City,0,25.234256832000007,24.990086465132205,25.47842719886781,0.8851310180000003,0.8792501672561229,0.8910118687438776,45.936632904,44.83421353062257,47.03905227737743
Disturber-comp,115,60,3.3333333333333335,City,1,20.16294208199999,19.893352281764038,20.432531882235942,0.824978851999999,0.8180800726431509,0.8318776313568471,31.251517426000014,29.875856468501354,32.62717838349867
Disturber-comp,115,60,3.3333333333333335,City,2,24.126081859999957,23.84859981328031,24.403563906719604,0.8780843139999994,0.8719659790294167,0.8842026489705821,39.26963233000001,38.07252488190892,40.466739778091096
Disturber-comp,115,60,3.3333333333333335,City,3,21.638034804000007,21.387603479367,21.888466128633013,0.8460859039999998,0.8394749369473645,0.8526968710526351,29.95310323399999,28.6352692206057,31.27093724739428
Disturber-comp,115,60,3.3333333333333335,City,4,21.47782254000001,21.284863070672053,21.670782009327965,0.8529295859999999,0.8461349201472448,0.859724251852755,34.396487023999995,33.078251090487356,35.714722957512635
Disturber-comp,115,60,3.3333333333333335,City,5,18.35798051799999,18.22550904896737,18.49045198703261,0.7765126939999992,0.7704365628960794,0.782588825103919,21.25114095000001,20.539263611619347,21.963018288380674
Disturber-comp,115,60,3.3333333333333335,Gallery,0,19.648617045999984,19.25283536526317,20.044398726736798,0.6933975960000007,0.6750966210821829,0.7116985709178185,29.21052046399999,27.81537282630125,30.605668101698733
Disturber-comp,115,60,3.3333333333333335,Gallery,1,20.34169940399999,19.97585927848629,20.70753952951369,0.7301949139999994,0.7136973374946993,0.7466924905052994,28.005767040000006,26.564249850230148,29.447284229769863
Disturber-comp,115,60,3.3333333333333335,Gallery,2,19.394057460000013,19.022993507089865,19.765121412910162,0.7192139020000005,0.700668913875392,0.7377588901246089,28.737243244,27.395077273942267,30.07940921405773
Disturber-comp,115,60,3.3333333333333335,Gallery,3,20.290029827999994,19.928336911712094,20.651722744287895,0.7318399200000003,0.716373360194483,0.7473064798055176,27.859782630000016,26.41750893848675,29.30205632151328
Disturber-comp,115,60,3.3333333333333335,Gallery,4,19.765596904000013,19.402028418320718,20.129165389679308,0.7174872320000005,0.7009407918859925,0.7340336721140086,27.779468107999993,26.516653437146704,29.04228277885328
Disturber-comp,115,60,3.3333333333333335,Gallery,5,20.79358839599999,20.43299823594617,21.15417855605381,0.744112854,0.7284972808615675,0.7597284271384326,30.641505378,29.1071186182201,32.175892137779904
Disturber-comp,115,60,3.3333333333333335,Nature,0,18.952017592000036,18.718641309521146,19.185393874478926,0.5297793859999999,0.5207665243934189,0.5387922476065808,7.318896286000003,6.846061931939147,7.791730640060859
Disturber-comp,115,60,3.3333333333333335,Nature,1,17.852998856000013,17.619360718530906,18.08663699346912,0.5040657600000004,0.49383089456915513,0.5143006254308456,7.349849524000007,6.901516067528741,7.798182980471273
Disturber-comp,115,60,3.3333333333333335,Nature,2,18.180423176,17.936343446861514,18.42450290513849,0.49060251400000005,0.48062584273730874,0.5005791852626913,7.92281258800001,7.49629327246065,8.34933190353937
Disturber-comp,115,60,3.3333333333333335,Nature,3,18.126281424000013,17.89515253655774,18.357410311442283,0.4917787360000005,0.4821425534801052,0.5014149185198958,6.4758162260000045,6.09066036674812,6.860972085251889
Disturber-comp,115,60,3.3333333333333335,Nature,4,18.207611998000008,17.979691212142004,18.43553278385801,0.5004259159999997,0.490579754230581,0.5102720777694185,6.2700439679999995,5.87321011966256,6.666877816337439
Disturber-comp,115,60,3.3333333333333335,Nature,5,18.36708973,18.151904860755764,18.582274599244236,0.4828876659999996,0.47438745772761587,0.49138787427238334,7.403115106,7.075786086190537,7.730444125809462
Disturber-comp,115,60,3.3333333333333335,Office,0,22.230775827999985,21.865887243726846,22.595664412273123,0.6845314680000004,0.6659903215088269,0.703072614491174,24.627477358000007,23.318431038473847,25.936523677526168
Disturber-comp,115,60,3.3333333333333335,Office,1,21.701070792000003,21.284728456357858,22.11741312764215,0.6653707740000001,0.6453831512468431,0.6853583967531571,27.02544046599996,25.52963677922365,28.52124415277627
Disturber-comp,115,60,3.3333333333333335,Office,2,22.30144733999999,21.934059469860625,22.668835210139353,0.6794404039999998,0.6630452901133552,0.6958355178866444,21.677452652000007,20.306441261415205,23.048464042584808
Disturber-comp,115,60,3.3333333333333335,Office,3,22.726031021999994,22.32252384233898,23.129538201661006,0.6932396439999995,0.6751876453348954,0.7112916426651036,25.187508588000007,23.635698379257008,26.739318796743007
Disturber-comp,115,60,3.3333333333333335,Office,4,24.442311778000022,24.057490045269507,24.827133510730537,0.756474548,0.7402626346066573,0.7726864613933427,32.40149753799998,30.742014980308277,34.06098009569168
Disturber-comp,115,60,3.3333333333333335,Office,5,23.502996484000015,23.111349807860933,23.894643160139097,0.7292211879999999,0.7125519759900798,0.74589040000992,28.405159613999988,26.851619662532492,29.958699565467484
